{
  "frames": {
    "idle1.png": {
      "frame": {
        "x": 0,
        "y": 0,
        "w": 45,
        "h": 75
      },
      "rotated": false,
      "trimmed": true,
      "spriteSourceSize": {
        "x": 25.5,
        "y": 21,
        "w": 45,
        "h": 75
      },
      "sourceSize": {
        "w": 96,
        "h": 96
      },
      "pivot": {
        "x": 0.5,
        "y": 0.5
      }
    },
    "idle2.png": {
      "frame": {
        "x": 0,
        "y": 75,
        "w": 45,
        "h": 75
      },
      "rotated": false,
      "trimmed": true,
      "spriteSourceSize": {
        "x": 25.5,
        "y": 21,
        "w": 45,
        "h": 75
      },
      "sourceSize": {
        "w": 96,
        "h": 96
      },
      "pivot": {
        "x": 0.5,
        "y": 0.5
      }
    },
    "idle3.png": {
      "frame": {
        "x": 0,
        "y": 150,
        "w": 45,
        "h": 75
      },
      "rotated": false,
      "trimmed": true,
      "spriteSourceSize": {
        "x": 25.5,
        "y": 21,
        "w": 45,
        "h": 75
      },
      "sourceSize": {
        "w": 96,
        "h": 96
      },
      "pivot": {
        "x": 0.5,
        "y": 0.5
      }
    },
    "death1.png": {
      "frame": {
        "x": 0,
        "y": 225,
        "w": 52.5,
        "h": 63
      },
      "rotated": false,
      "trimmed": true,
      "spriteSourceSize": {
        "x": 24,
        "y": 33,
        "w": 52.5,
        "h": 63
      },
      "sourceSize": {
        "w": 96,
        "h": 96
      },
      "pivot": {
        "x": 0.5,
        "y": 0.5
      }
    },
    "death2.png": {
      "frame": {
        "x": 45,
        "y": 0,
        "w": 52.5,
        "h": 57
      },
      "rotated": false,
      "trimmed": true,
      "spriteSourceSize": {
        "x": 24,
        "y": 39,
        "w": 52.5,
        "h": 57
      },
      "sourceSize": {
        "w": 96,
        "h": 96
      },
      "pivot": {
        "x": 0.5,
        "y": 0.5
      }
    },
    "death4.png": {
      "frame": {
        "x": 45,
        "y": 57,
        "w": 51,
        "h": 54
      },
      "rotated": false,
      "trimmed": true,
      "spriteSourceSize": {
        "x": 27,
        "y": 42,
        "w": 51,
        "h": 54
      },
      "sourceSize": {
        "w": 96,
        "h": 96
      },
      "pivot": {
        "x": 0.5,
        "y": 0.5
      }
    },
    "death3.png": {
      "frame": {
        "x": 45,
        "y": 111,
        "w": 49.5,
        "h": 45
      },
      "rotated": true,
      "trimmed": true,
      "spriteSourceSize": {
        "x": 27,
        "y": 49.5,
        "w": 49.5,
        "h": 45
      },
      "sourceSize": {
        "w": 96,
        "h": 96
      },
      "pivot": {
        "x": 0.5,
        "y": 0.5
      }
    }
  },
  "meta": {
    "app": "http://free-tex-packer.com",
    "version": "0.6.7",
    "image": "atlas.png",
    "format": "RGBA8888",
    "size": {
      "w": 98,
      "h": 288
    },
    "scale": 0.75
  }
}