{
  "frames": {
    "walk-145.png": {
      "frame": {
        "x": 0,
        "y": 0,
        "w": 58,
        "h": 100
      },
      "rotated": false,
      "trimmed": true,
      "spriteSourceSize": {
        "x": 36,
        "y": 28,
        "w": 58,
        "h": 100
      },
      "sourceSize": {
        "w": 128,
        "h": 128
      },
      "pivot": {
        "x": 0.5,
        "y": 0.5
      }
    },
    "walk-146.png": {
      "frame": {
        "x": 0,
        "y": 100,
        "w": 58,
        "h": 100
      },
      "rotated": false,
      "trimmed": true,
      "spriteSourceSize": {
        "x": 36,
        "y": 28,
        "w": 58,
        "h": 100
      },
      "sourceSize": {
        "w": 128,
        "h": 128
      },
      "pivot": {
        "x": 0.5,
        "y": 0.5
      }
    },
    "walk-147.png": {
      "frame": {
        "x": 0,
        "y": 200,
        "w": 58,
        "h": 100
      },
      "rotated": false,
      "trimmed": true,
      "spriteSourceSize": {
        "x": 36,
        "y": 28,
        "w": 58,
        "h": 100
      },
      "sourceSize": {
        "w": 128,
        "h": 128
      },
      "pivot": {
        "x": 0.5,
        "y": 0.5
      }
    },
    "walk-149.png": {
      "frame": {
        "x": 0,
        "y": 300,
        "w": 58,
        "h": 100
      },
      "rotated": false,
      "trimmed": true,
      "spriteSourceSize": {
        "x": 36,
        "y": 28,
        "w": 58,
        "h": 100
      },
      "sourceSize": {
        "w": 128,
        "h": 128
      },
      "pivot": {
        "x": 0.5,
        "y": 0.5
      }
    },
    "walk-143.png": {
      "frame": {
        "x": 0,
        "y": 400,
        "w": 56,
        "h": 100
      },
      "rotated": false,
      "trimmed": true,
      "spriteSourceSize": {
        "x": 38,
        "y": 28,
        "w": 56,
        "h": 100
      },
      "sourceSize": {
        "w": 128,
        "h": 128
      },
      "pivot": {
        "x": 0.5,
        "y": 0.5
      }
    },
    "walk-150.png": {
      "frame": {
        "x": 0,
        "y": 500,
        "w": 56,
        "h": 100
      },
      "rotated": false,
      "trimmed": true,
      "spriteSourceSize": {
        "x": 38,
        "y": 28,
        "w": 56,
        "h": 100
      },
      "sourceSize": {
        "w": 128,
        "h": 128
      },
      "pivot": {
        "x": 0.5,
        "y": 0.5
      }
    },
    "walk-151.png": {
      "frame": {
        "x": 0,
        "y": 600,
        "w": 56,
        "h": 100
      },
      "rotated": false,
      "trimmed": true,
      "spriteSourceSize": {
        "x": 38,
        "y": 28,
        "w": 56,
        "h": 100
      },
      "sourceSize": {
        "w": 128,
        "h": 128
      },
      "pivot": {
        "x": 0.5,
        "y": 0.5
      }
    },
    "walk-148.png": {
      "frame": {
        "x": 0,
        "y": 700,
        "w": 62,
        "h": 98
      },
      "rotated": false,
      "trimmed": true,
      "spriteSourceSize": {
        "x": 32,
        "y": 30,
        "w": 62,
        "h": 98
      },
      "sourceSize": {
        "w": 128,
        "h": 128
      },
      "pivot": {
        "x": 0.5,
        "y": 0.5
      }
    },
    "walk-144.png": {
      "frame": {
        "x": 56,
        "y": 400,
        "w": 58,
        "h": 98
      },
      "rotated": false,
      "trimmed": true,
      "spriteSourceSize": {
        "x": 36,
        "y": 30,
        "w": 58,
        "h": 98
      },
      "sourceSize": {
        "w": 128,
        "h": 128
      },
      "pivot": {
        "x": 0.5,
        "y": 0.5
      }
    }
  },
  "meta": {
    "app": "http://free-tex-packer.com",
    "version": "0.6.7",
    "image": "texture.png",
    "format": "RGBA8888",
    "size": {
      "w": 114,
      "h": 798
    },
    "scale": 1
  }
}